<assembly>
  <id>release</id>

  <formats>
    <format>zip</format>
  </formats>

  <includeBaseDirectory>false</includeBaseDirectory>

  <fileSets>
    <fileSet>
      <directory>${project.build.releaseSourceDirectory}</directory>
      <outputDirectory>UniversalGcodeSender</outputDirectory>
      <includes>
        <include>*.*</include>
      </includes>
    </fileSet>
    <fileSet>
      <directory>${project.build.directory}</directory>
      <outputDirectory>UniversalGcodeSender</outputDirectory>
      <includes>
        <include>UniversalGcodeSender.jar</include>
      </includes>
    </fileSet>
  </fileSets>
</assembly>